{"mean":{"confidence_interval":{"confidence_level":0.95,"lower_bound":-0.8173762869738862,"upper_bound":-0.5626349880987946},"point_estimate":-0.7371295146331043,"standard_error":0.0656454208372458},"median":{"confidence_interval":{"confidence_level":0.95,"lower_bound":-0.8638084036759446,"upper_bound":-0.3444892161025982},"point_estimate":-0.663607081776793,"standard_error":0.14219525154117837}}