{"mean":{"confidence_interval":{"confidence_level":0.95,"lower_bound":-0.09818456278479627,"upper_bound":0.018822164740379076},"point_estimate":-0.044170055819791165,"standard_error":0.0298765396918787},"median":{"confidence_interval":{"confidence_level":0.95,"lower_bound":-0.09419772893858669,"upper_bound":0.010510005880695061},"point_estimate":-0.053459023582414944,"standard_error":0.027345070202322543}}