{"mean":{"confidence_interval":{"confidence_level":0.95,"lower_bound":2011444612.2,"upper_bound":2559290582.3849993},"point_estimate":2279745475.0,"standard_error":140505670.9276827},"median":{"confidence_interval":{"confidence_level":0.95,"lower_bound":1903109604.0,"upper_bound":2697484520.5},"point_estimate":2201727729.0,"standard_error":199344821.8880472},"median_abs_dev":{"confidence_interval":{"confidence_level":0.95,"lower_bound":130695018.7180996,"upper_bound":816010948.2533097},"point_estimate":495304188.1969929,"standard_error":177261403.48817736},"slope":null,"std_dev":{"confidence_interval":{"confidence_level":0.95,"lower_bound":261101512.64130896,"upper_bound":574064632.9716731},"point_estimate":468723596.3883608,"standard_error":78713594.63936284}}