{"mean":{"confidence_interval":{"confidence_level":0.95,"lower_bound":-0.32520272105078074,"upper_bound":-0.1086211796385902},"point_estimate":-0.22287098826973584,"standard_error":0.05622276648530649},"median":{"confidence_interval":{"confidence_level":0.95,"lower_bound":-0.3807562828246842,"upper_bound":-0.10583476024483973},"point_estimate":-0.2737258402341509,"standard_error":0.07106644236066208}}