{"mean":{"confidence_interval":{"confidence_level":0.95,"lower_bound":-0.06821813790533138,"upper_bound":-0.041077095671677444},"point_estimate":-0.054266195930129046,"standard_error":0.006907514129879919},"median":{"confidence_interval":{"confidence_level":0.95,"lower_bound":-0.065250733611534,"upper_bound":-0.04246004802867209},"point_estimate":-0.05021912742726842,"standard_error":0.00590839405173373}}