{"mean":{"confidence_interval":{"confidence_level":0.95,"lower_bound":-0.08075176631935765,"upper_bound":-0.07383941234333471},"point_estimate":-0.0773761167280057,"standard_error":0.001759292443420534},"median":{"confidence_interval":{"confidence_level":0.95,"lower_bound":-0.0825302947333525,"upper_bound":-0.072684640239847},"point_estimate":-0.07821154716480128,"standard_error":0.002589742716331606}}