{"mean":{"confidence_interval":{"confidence_level":0.95,"lower_bound":-0.14924779717775324,"upper_bound":-0.1251305592920316},"point_estimate":-0.13770385554723608,"standard_error":0.006213078916751046},"median":{"confidence_interval":{"confidence_level":0.95,"lower_bound":-0.15444630870467657,"upper_bound":-0.12577129934880626},"point_estimate":-0.14474363139085122,"standard_error":0.00720582231236019}}