{"mean":{"confidence_interval":{"confidence_level":0.95,"lower_bound":-0.03598380315740654,"upper_bound":0.11405020110372464},"point_estimate":0.039165021629826935,"standard_error":0.03772286557008286},"median":{"confidence_interval":{"confidence_level":0.95,"lower_bound":-0.07738307597655758,"upper_bound":0.1895258408721736},"point_estimate":0.026631540843483625,"standard_error":0.06421260410895943}}