{"mean":{"confidence_interval":{"confidence_level":0.95,"lower_bound":-0.18023683741905963,"upper_bound":-0.09874602399247824},"point_estimate":-0.1433003805860591,"standard_error":0.02094702411458354},"median":{"confidence_interval":{"confidence_level":0.95,"lower_bound":-0.19481080393435435,"upper_bound":-0.05704225620123349},"point_estimate":-0.16168167420940638,"standard_error":0.03027296227809548}}