{"mean":{"confidence_interval":{"confidence_level":0.95,"lower_bound":-0.13527200748544926,"upper_bound":-0.11034601919036233},"point_estimate":-0.1229623558676387,"standard_error":0.006384232369006113},"median":{"confidence_interval":{"confidence_level":0.95,"lower_bound":-0.1355082727249599,"upper_bound":-0.09612326904311097},"point_estimate":-0.12347545538996518,"standard_error":0.009433302491743347}}