{"mean":{"confidence_interval":{"confidence_level":0.95,"lower_bound":-0.21169904795521177,"upper_bound":-0.16912676514091526},"point_estimate":-0.18928211363723624,"standard_error":0.010881787196478787},"median":{"confidence_interval":{"confidence_level":0.95,"lower_bound":-0.1996454505707964,"upper_bound":-0.1690677713231702},"point_estimate":-0.1856946870947186,"standard_error":0.00817219430592129}}