{"mean":{"confidence_interval":{"confidence_level":0.95,"lower_bound":-0.916670864753946,"upper_bound":-0.3953950086961652},"point_estimate":-0.7100550069875516,"standard_error":0.13433101247602913},"median":{"confidence_interval":{"confidence_level":0.95,"lower_bound":-0.9721470315517333,"upper_bound":-0.5348012560833304},"point_estimate":-0.9240701202578592,"standard_error":0.12173104419053686}}