{"mean":{"confidence_interval":{"confidence_level":0.95,"lower_bound":-0.11515809098787756,"upper_bound":-0.048242481149444454},"point_estimate":-0.08037859573547035,"standard_error":0.017194733265913868},"median":{"confidence_interval":{"confidence_level":0.95,"lower_bound":-0.13088660386621198,"upper_bound":-0.032047287411025804},"point_estimate":-0.06565903267452822,"standard_error":0.022211222571351722}}