{"mean":{"confidence_interval":{"confidence_level":0.95,"lower_bound":-0.4546375299116016,"upper_bound":-0.14247832445599254},"point_estimate":-0.3228221251391742,"standard_error":0.07994994560456826},"median":{"confidence_interval":{"confidence_level":0.95,"lower_bound":-0.6216692265030651,"upper_bound":-0.05284619155020576},"point_estimate":-0.3086552833017171,"standard_error":0.1300369258171321}}