{"mean":{"confidence_interval":{"confidence_level":0.95,"lower_bound":581063506.1,"upper_bound":593791967.50375},"point_estimate":587429170.75,"standard_error":3260176.6556106186},"median":{"confidence_interval":{"confidence_level":0.95,"lower_bound":578440583.25,"upper_bound":595557114.5},"point_estimate":587575104.0,"standard_error":4589735.674915186},"median_abs_dev":{"confidence_interval":{"confidence_level":0.95,"lower_bound":3073707.7329307795,"upper_bound":18919365.601614118},"point_estimate":11435432.590730488,"standard_error":4030328.7064053784},"slope":null,"std_dev":{"confidence_interval":{"confidence_level":0.95,"lower_bound":6403395.7877705125,"upper_bound":13494030.52444148},"point_estimate":10870878.496549286,"standard_error":1815216.4138282833}}