{"mean":{"confidence_interval":{"confidence_level":0.95,"lower_bound":-0.0888672891169388,"upper_bound":0.1444482150939699},"point_estimate":0.02352897516876795,"standard_error":0.05984717888224801},"median":{"confidence_interval":{"confidence_level":0.95,"lower_bound":-0.1891109720616817,"upper_bound":0.24173339638190705},"point_estimate":0.08124891990392169,"standard_error":0.11749192285347192}}