{"mean":{"confidence_interval":{"confidence_level":0.95,"lower_bound":-0.11931181537220514,"upper_bound":-0.08783144845867044},"point_estimate":-0.10239762713344391,"standard_error":0.007999140705491382},"median":{"confidence_interval":{"confidence_level":0.95,"lower_bound":-0.11520865941573333,"upper_bound":-0.08203977467187318},"point_estimate":-0.09779100144573827,"standard_error":0.008604600848459586}}