{"mean":{"confidence_interval":{"confidence_level":0.95,"lower_bound":22981250.49878472,"upper_bound":23556867.207738094},"point_estimate":23234453.531225197,"standard_error":148949.21841131692},"median":{"confidence_interval":{"confidence_level":0.95,"lower_bound":22922227.875,"upper_bound":23557201.151785716},"point_estimate":23055307.9453125,"standard_error":122902.86146903082},"median_abs_dev":{"confidence_interval":{"confidence_level":0.95,"lower_bound":39451.91322875397,"upper_bound":661231.4736732979},"point_estimate":167824.2939580232,"standard_error":134905.99047734932},"slope":{"confidence_interval":{"confidence_level":0.95,"lower_bound":23002254.347252104,"upper_bound":23683508.406030446},"point_estimate":23266049.461363636,"standard_error":175128.6769508675},"std_dev":{"confidence_interval":{"confidence_level":0.95,"lower_bound":90245.40219614831,"upper_bound":647616.6685051935},"point_estimate":497458.5596930472,"standard_error":150233.9857630781}}