{"mean":{"confidence_interval":{"confidence_level":0.95,"lower_bound":393387576.025,"upper_bound":477198866.65},"point_estimate":433576143.7,"standard_error":21518544.67302653},"median":{"confidence_interval":{"confidence_level":0.95,"lower_bound":374033781.25,"upper_bound":508731833.0},"point_estimate":414403375.0,"standard_error":36638554.075250186},"median_abs_dev":{"confidence_interval":{"confidence_level":0.95,"lower_bound":6672997.156530619,"upper_bound":120100791.48408473},"point_estimate":61898548.901081085,"standard_error":31126871.338638112},"slope":null,"std_dev":{"confidence_interval":{"confidence_level":0.95,"lower_bound":38147235.962936446,"upper_bound":86480377.6791423},"point_estimate":71490007.10334013,"standard_error":11936104.230434006}}