{"mean":{"confidence_interval":{"confidence_level":0.95,"lower_bound":-0.08776691912637485,"upper_bound":-0.07408348067694694},"point_estimate":-0.08174519240942246,"standard_error":0.0035684560861762664},"median":{"confidence_interval":{"confidence_level":0.95,"lower_bound":-0.08867656330388862,"upper_bound":-0.08068769837854428},"point_estimate":-0.0836753210586032,"standard_error":0.0020217537189323046}}