{"mean":{"confidence_interval":{"confidence_level":0.95,"lower_bound":0.09704650178347876,"upper_bound":0.154687583298779},"point_estimate":0.12892024311988548,"standard_error":0.014766852684257325},"median":{"confidence_interval":{"confidence_level":0.95,"lower_bound":0.10303431727198431,"upper_bound":0.1679510670977462},"point_estimate":0.13760877894392975,"standard_error":0.017259571475755447}}