{"mean":{"confidence_interval":{"confidence_level":0.95,"lower_bound":4604757331.7725,"upper_bound":4808296183.2},"point_estimate":4718174950.0,"standard_error":52971126.85805729},"median":{"confidence_interval":{"confidence_level":0.95,"lower_bound":4648569833.0,"upper_bound":4829209292.0},"point_estimate":4761884166.5,"standard_error":45522849.70700892},"median_abs_dev":{"confidence_interval":{"confidence_level":0.95,"lower_bound":34180446.902775764,"upper_bound":227022564.9945438},"point_estimate":116094620.28890848,"standard_error":51252480.92429004},"slope":null,"std_dev":{"confidence_interval":{"confidence_level":0.95,"lower_bound":61144869.74470534,"upper_bound":250705251.8034657},"point_estimate":176845851.05985773,"standard_error":55171152.17905667}}