{"mean":{"confidence_interval":{"confidence_level":0.95,"lower_bound":0.004143466535479984,"upper_bound":0.01426120619291466},"point_estimate":0.009006974430231018,"standard_error":0.0025852548399793282},"median":{"confidence_interval":{"confidence_level":0.95,"lower_bound":0.002476544863849961,"upper_bound":0.012150807725337165},"point_estimate":0.00789929664440403,"standard_error":0.0024139014677181814}}