{"mean":{"confidence_interval":{"confidence_level":0.95,"lower_bound":-0.2957332444976618,"upper_bound":-0.27652858258141366},"point_estimate":-0.28734903219264085,"standard_error":0.004989134080021696},"median":{"confidence_interval":{"confidence_level":0.95,"lower_bound":-0.2981176481438581,"upper_bound":-0.27801568425464884},"point_estimate":-0.293826730249076,"standard_error":0.0042299357764846906}}