{"mean":{"confidence_interval":{"confidence_level":0.95,"lower_bound":-0.06319495451364586,"upper_bound":-0.03560837070087054},"point_estimate":-0.04892566326413916,"standard_error":0.007054512975121303},"median":{"confidence_interval":{"confidence_level":0.95,"lower_bound":-0.05845559208887119,"upper_bound":-0.03452109592558528},"point_estimate":-0.04585123026938176,"standard_error":0.006164543841025373}}