{"mean":{"confidence_interval":{"confidence_level":0.95,"lower_bound":-0.10053974410207998,"upper_bound":-0.07454953908230054},"point_estimate":-0.0876746435427479,"standard_error":0.006635548498816597},"median":{"confidence_interval":{"confidence_level":0.95,"lower_bound":-0.10431658279875522,"upper_bound":-0.07500521822713915},"point_estimate":-0.09164657336343207,"standard_error":0.007550871373826025}}