{"mean":{"confidence_interval":{"confidence_level":0.95,"lower_bound":-0.164237253559262,"upper_bound":-0.13505128955742457},"point_estimate":-0.14947845377568902,"standard_error":0.007501064712692747},"median":{"confidence_interval":{"confidence_level":0.95,"lower_bound":-0.16923364005297903,"upper_bound":-0.12762867325825322},"point_estimate":-0.1465221867856713,"standard_error":0.01231521939236175}}