{"mean":{"confidence_interval":{"confidence_level":0.95,"lower_bound":-0.17297862491724234,"upper_bound":-0.15835406263480764},"point_estimate":-0.16592824989466992,"standard_error":0.003722242036572827},"median":{"confidence_interval":{"confidence_level":0.95,"lower_bound":-0.17507002670798977,"upper_bound":-0.1580166559547702},"point_estimate":-0.167054503873737,"standard_error":0.005048898486296753}}