{"mean":{"confidence_interval":{"confidence_level":0.95,"lower_bound":-0.0777352608023236,"upper_bound":-0.06329019459857244},"point_estimate":-0.071114611827793,"standard_error":0.0037751481979034223},"median":{"confidence_interval":{"confidence_level":0.95,"lower_bound":-0.07931305925389531,"upper_bound":-0.06325942853036437},"point_estimate":-0.07068900420460134,"standard_error":0.004170665541907004}}